{"_wandb":{"runtime":7},"_step":1,"train/learning_rate":0.0001455901203190861,"train/epoch":0.0005797101449275362,"_runtime":6.608432816,"train/grad_norm":1.4686754941940308,"train/loss":7.3561,"_timestamp":1.747856797009857e+09,"train/global_step":10}